City_ID,City,Lat,Lng,Max Temp,Humidity,Cloudiness,Wind Speed,Country,Date
0,albany,42.6001,-73.9662,11.16,91,100,0.89,US,1709753059
1,bethel,41.3712,-73.414,11.47,85,75,1.54,US,1709753059
2,grytviken,-54.2811,-36.5092,7.11,56,100,1.12,GS,1709753059
3,waitangi,-43.9535,-176.5597,12.12,83,98,4.05,NZ,1709753060
4,port saint john's,-31.6229,29.5448,21.84,72,38,2.25,ZA,1709753060
5,longyearbyen,78.2186,15.6401,-6.09,68,40,3.6,SJ,1709753060
6,adamstown,-25.066,-130.1015,24.23,73,75,6.08,PN,1709752922
7,ancud,-41.8697,-73.8203,14.08,61,40,4.12,CL,1709753061
8,mancio lima,-7.6142,-72.8958,32.04,62,40,2.57,BR,1709753061
9,filadelfia,39.9523,-75.1638,11.29,94,100,4.63,US,1709753062
10,tura,25.5198,90.2201,15.34,26,0,1.83,IN,1709753062
11,lebu,-37.6167,-73.65,14.97,68,100,7.88,CL,1709753063
12,ushuaia,-54.8,-68.3,8.81,87,100,2.57,AR,1709752764
13,turtas,58.9417,69.1325,-23.49,100,87,0.82,RU,1709753064
14,kruisfontein,-34.0033,24.7314,18.27,90,28,1.77,ZA,1709753064
15,pangoa,-12.1167,-73.0,28.63,63,69,1.87,PE,1709753064
16,port-aux-francais,-49.35,70.2167,7.0,83,100,8.58,TF,1709753065
17,ilulissat,69.2167,-51.1,-11.99,85,75,2.06,GL,1709753065
18,huetamo de nunez,18.5833,-100.8833,36.94,12,0,1.15,MX,1709753065
19,thompson,55.7435,-97.8558,-11.91,52,20,0.0,CA,1709753066
20,mount gambier,-37.8333,140.7667,11.51,92,11,2.99,AU,1709753066
21,anadyr,64.75,177.4833,-19.72,84,40,3.0,RU,1709753067
22,chonchi,-42.6128,-73.8092,16.18,50,88,0.29,CL,1709753067
23,springbok,-29.6643,17.8865,18.61,37,7,2.04,ZA,1709753067
24,yellowknife,62.456,-114.3525,-13.66,88,75,3.09,CA,1709753068
25,remire-montjoly,4.9167,-52.2667,30.02,70,75,7.72,GF,1709753068
26,blackmans bay,-43.0167,147.3167,13.07,63,97,0.45,AU,1709753068
27,ciudad lazaro cardenas,17.9583,-102.2,27.45,57,0,4.17,MX,1709753069
28,gadzhiyevo,69.2551,33.3362,2.04,99,100,9.28,RU,1709753069
29,bredasdorp,-34.5322,20.0403,17.72,72,82,3.02,ZA,1709753069
30,puerto natales,-51.7236,-72.4875,13.25,50,40,4.63,CL,1709753070
31,isafjordur,66.0755,-23.124,4.04,79,100,4.29,IS,1709753070
32,edinburgh of the seven seas,-37.0676,-12.3116,18.78,97,100,4.89,SH,1709753071
33,rodino,52.5,80.25,-10.42,89,55,5.07,RU,1709753071
34,puerto santa,-8.9906,-78.6456,25.51,72,57,4.78,PE,1709753071
35,yamoussoukro,6.8206,-5.2767,31.94,62,20,0.0,CI,1709753072
36,invercargill,-46.4,168.35,11.12,94,32,4.02,NZ,1709753072
37,khandyga,62.6667,135.6,-32.26,100,96,0.65,RU,1709753072
38,st. john's,47.5649,-52.7093,6.27,96,100,5.66,CA,1709753073
39,shiraoi,42.55,141.35,-3.77,73,13,2.33,JP,1709753073
40,sassandra,4.95,-6.0833,27.49,84,100,3.68,CI,1709753074
41,kirakira,-10.4544,161.9205,27.01,87,100,3.75,SB,1709753074
42,tecalitlan,19.4667,-103.3,24.25,18,0,2.72,MX,1709753074
43,tiffin,41.1145,-83.178,6.44,98,100,0.45,US,1709753075
44,avarua,-21.2078,-159.775,28.03,83,20,5.66,CK,1709753075
45,west island,-12.1568,96.8225,26.99,94,75,5.14,CC,1709753075
46,udachny,66.4167,112.4,-29.55,100,100,2.21,RU,1709752974
47,new norfolk,-42.7826,147.0587,13.72,74,100,1.67,AU,1709753076
48,bodo,67.28,14.405,2.1,74,0,3.6,NO,1709753077
49,ves'yegonsk,58.664,37.2604,-2.77,98,100,1.47,RU,1709753077
50,hobyo,5.3505,48.5268,27.86,82,0,4.7,SO,1709753078
51,stanley,54.868,-1.6985,5.4,92,75,3.09,GB,1709753078
52,vorkuta,67.5,64.0,-19.24,98,100,5.68,RU,1709753078
53,hermanus,-34.4187,19.2345,17.11,74,100,2.72,ZA,1709753079
54,qingdao,36.0986,120.3719,-2.22,74,0,3.0,CN,1709753045
55,vorgashor,67.5833,63.95,-19.25,98,100,5.86,RU,1709753079
56,lihue,21.9789,-159.3672,25.58,65,0,10.29,US,1709753080
57,ribeira grande,38.5167,-28.7,13.22,67,40,9.77,PT,1709753080
58,mariehamn,60.0973,19.9348,-2.32,100,100,2.57,AX,1709753080
59,guerrero negro,27.9769,-114.0611,17.6,61,100,8.14,MX,1709753081
60,magadan,59.5667,150.8,-16.05,80,96,3.26,RU,1709753081
61,joshimath,30.5667,79.5667,4.61,80,68,1.92,IN,1709753081
62,carnarvon,-24.8667,113.6333,29.61,63,21,4.37,AU,1709753082
63,tafuna,-14.3358,-170.72,29.97,74,40,3.09,AS,1709753082
64,port mathurin,-19.6833,63.4167,26.4,76,15,10.42,MU,1709753083
65,inari,68.906,27.0288,2.11,93,91,1.94,FI,1709753083
66,brookings,44.3114,-96.7984,12.43,33,20,14.92,US,1709753083
67,dudinka,69.4058,86.1778,-15.18,92,99,4.02,RU,1709753084
68,hawaiian paradise park,19.5933,-154.9731,21.13,95,100,1.54,US,1709753084
69,crucecita,-28.95,-58.9833,28.86,37,7,3.67,AR,1709753084
70,badagry,6.4167,2.8833,27.81,86,82,2.77,NG,1709753085
71,rongelap,11.1635,166.8941,26.2,78,100,10.57,MH,1709753085
72,badger,64.8,-147.5333,-7.23,80,75,2.57,US,1709753085
73,gorontalo,0.5412,123.0595,24.26,96,35,1.66,ID,1709753086
74,danjiangkou,32.5428,111.5086,6.84,78,100,0.86,CN,1709753086
75,dunedin,-45.8742,170.5036,12.67,78,100,0.45,NZ,1709752972
76,tiksi,71.6872,128.8694,-28.31,100,97,1.33,RU,1709753087
77,iskateley,67.6803,53.1512,-4.99,95,100,5.36,RU,1709753087
78,la passe,45.5549,-0.8967,10.13,92,82,3.75,FR,1709753088
79,bodaybo,57.8506,114.1933,-18.4,100,100,0.6,RU,1709753088
80,saipan,15.1355,145.701,24.39,88,20,2.57,MP,1709753088
81,pohrebyshche,49.4864,29.2636,2.28,70,100,4.42,UA,1709753089
82,khash,28.2211,61.2158,10.84,54,0,1.14,IR,1709753089
83,puerto ayora,-0.7393,-90.3518,29.98,87,71,1.79,EC,1709753089
84,port alfred,-33.5906,26.891,20.1,87,86,5.26,ZA,1709753090
85,benoy,8.9833,16.3199,34.52,12,100,1.51,TD,1709753090
86,egilsstadir,65.2653,-14.3948,6.95,76,75,4.63,IS,1709753091
87,trairi,-3.2778,-39.2689,27.53,84,99,3.86,BR,1709753091
88,praia da vitoria,38.7333,-27.0667,12.64,76,75,15.03,PT,1709753091
89,iqaluit,63.7506,-68.5145,-24.06,52,20,6.71,CA,1709753092
90,jeremoabo,-10.075,-38.4808,34.63,30,0,4.47,BR,1709753092
91,olonkinbyen,70.9221,-8.7187,0.84,96,100,6.59,SJ,1709753092
92,porto murtinho,-21.6989,-57.8825,34.11,47,84,1.95,BR,1709753093
93,ust'-talovka,50.5493,81.85,-15.57,98,60,2.12,KZ,1709753093
94,wailua homesteads,22.0669,-159.378,25.24,65,0,10.29,US,1709753093
95,bilibino,68.0546,166.4372,-32.37,100,87,0.89,RU,1709753094
96,ulaangom,49.9811,92.0667,-23.01,90,86,2.03,MN,1709753094
97,rib mountain,44.9128,-89.6754,8.97,31,0,6.26,US,1709753094
98,pisco,-13.7,-76.2167,28.03,61,0,5.14,PE,1709753095
99,namibe,-15.1961,12.1522,24.11,63,43,4.12,AO,1709753095
100,pangody,65.85,74.4859,-16.49,95,100,5.73,RU,1709753095
101,bamboo flat,11.7,92.7167,24.05,83,100,0.51,IN,1709753096
102,manismata,-2.4667,111.0333,23.49,99,100,0.99,ID,1709753096
103,monywa,22.1167,95.1333,23.68,30,0,1.58,MM,1709753096
104,port elizabeth,-33.918,25.5701,19.62,83,75,2.06,ZA,1709753097
105,swift current,50.2834,-107.8014,-15.55,85,0,4.63,CA,1709753097
106,porto torres,40.835,8.3972,11.1,72,15,5.89,IT,1709752899
107,kapa'a,22.0752,-159.319,25.99,65,0,10.29,US,1709753098
108,saldanha,-33.0117,17.9442,18.03,77,99,3.96,ZA,1709753098
109,xilin hot,43.9667,116.0333,-12.67,87,100,0.96,CN,1709753099
110,georgetown,5.4112,100.3354,29.97,88,40,2.57,MY,1709752978
111,olyokminsk,60.3736,120.4264,-29.58,100,100,0.11,RU,1709753099
112,tolanaro,-25.0319,46.9987,24.04,94,75,7.2,MG,1709753100
113,afaahiti,-17.75,-149.2833,28.93,80,100,5.31,PF,1709753100
114,kudahuvadhoo,2.6708,72.8944,27.98,79,100,4.72,MV,1709753100
115,petropavlovsk-kamchatsky,53.0452,158.6483,-13.64,91,0,5.81,RU,1709752937
116,ust-tsilma,65.441,52.1498,-2.99,95,100,3.13,RU,1709753101
117,port blair,11.6667,92.75,24.02,83,100,0.51,IN,1709753102
118,isangel,-19.55,169.2667,26.93,86,67,6.32,VU,1709753102
119,cabedelo,-6.9811,-34.8339,30.37,74,100,4.64,BR,1709753102
120,kapuskasing,49.4169,-82.4331,0.05,37,0,1.54,CA,1709753103
121,tralee,52.2704,-9.7026,10.56,86,100,6.88,IE,1709753103
122,camocim,-2.9022,-40.8411,28.42,76,100,5.24,BR,1709753103
123,papao,-17.75,-149.55,29.82,79,100,5.39,PF,1709753104
124,argostolion,38.1811,20.489,13.75,54,50,4.26,GR,1709753104
125,berezovyy,51.6667,135.7,-17.66,94,94,1.49,RU,1709753104
126,newala kisimani,-10.95,39.2833,20.33,98,16,1.93,TZ,1709753105
127,scottsboro,34.6723,-86.0341,18.23,82,100,4.12,US,1709753105
128,fale old settlement,-9.3852,-171.2468,28.48,75,13,2.6,TK,1709753105
129,taltal,-25.4,-70.4833,22.5,67,22,2.84,CL,1709753106
130,itaituba,-4.2761,-55.9836,29.09,74,40,8.75,BR,1709753106
131,humboldt,40.6665,-123.9178,6.18,92,99,1.12,US,1709753106
132,margaret river,-33.95,115.0667,19.06,57,6,4.69,AU,1709753107
133,polyarnyy,69.1989,33.4478,2.17,99,100,8.95,RU,1709753107
134,sal rei,16.1833,-22.9167,23.11,64,20,8.23,CV,1709753107
135,charikar,35.0136,69.1714,3.0,54,78,2.39,AF,1709753108
136,kasimov,54.9411,41.3953,-14.39,96,26,1.18,RU,1709753108
137,nakhon si thammarat,8.25,100.0,25.52,80,100,1.15,TH,1709753108
138,college,64.8569,-147.8028,-7.18,73,75,2.57,US,1709753109
139,talnakh,69.4865,88.3972,-13.72,97,100,2.47,RU,1709753110
140,antonio enes,-16.2325,39.9086,26.55,89,98,3.64,MZ,1709753110
141,salaverry,-8.2333,-78.9667,23.21,81,67,4.35,PE,1709753111
142,turpan,42.9333,89.1667,4.19,24,0,1.09,CN,1709753107
143,rundu,-17.9333,19.7667,21.87,69,100,3.39,NA,1709753111
144,oroqen zizhiqi,50.5667,123.7167,-16.07,99,92,1.34,CN,1709753112
145,conde,-7.2597,-34.9075,29.7,74,75,5.14,BR,1709753112
146,whitehorse,60.7161,-135.0538,-8.83,60,75,8.23,CA,1709753112
147,dhidhdhoo,6.8833,73.1,28.18,69,0,4.54,MV,1709753113
148,jalqani,12.4486,34.2186,31.53,11,10,3.51,SD,1709753114
149,bata,1.8639,9.7658,27.66,83,100,4.58,GQ,1709753114
150,keyser,39.4409,-78.9739,16.69,92,100,1.66,US,1709753114
151,lata,40.1629,-8.3327,12.82,72,100,2.25,PT,1709753115
152,ukata,10.8312,5.8249,34.7,26,93,2.09,NG,1709753115
153,mishan,45.55,131.8833,-15.34,94,23,2.02,CN,1709753115
154,punta arenas,-53.15,-70.9167,14.01,62,40,5.14,CL,1709753087
155,ta`u,-14.2336,-169.5144,27.62,78,94,3.35,AS,1709753116
156,moia,41.8101,2.0958,8.96,88,80,2.03,ES,1709753116
157,klyuchi,52.2667,79.1667,-10.09,89,89,4.14,RU,1709753084
158,al jawf,29.5,38.75,18.49,21,0,5.67,SA,1709753117
159,grand falls-windsor,48.9332,-55.6649,4.58,96,100,1.91,CA,1709753118
160,kodiak,57.79,-152.4072,0.73,75,0,3.09,US,1709753118
161,natal,-5.795,-35.2094,31.36,84,75,7.2,BR,1709752712
162,rio grande,-32.035,-52.0986,24.41,55,0,4.67,BR,1709753111
163,bojnurd,37.4747,57.329,4.97,60,0,1.03,IR,1709753119
164,qaqortoq,60.7167,-46.0333,-7.6,80,100,0.64,GL,1709753119
165,yangliuqing,39.1375,116.9997,-0.03,58,100,3.17,CN,1709753120
166,ust-nera,64.5667,143.2,-25.33,100,99,1.15,RU,1709753120
167,funafuti,-8.5243,179.1942,30.0,79,40,2.57,TV,1709753120
168,tual,-5.6667,132.75,29.01,77,95,2.9,ID,1709753121
169,karachi,24.9056,67.0822,20.9,52,0,2.06,PK,1709752605
170,sivrice,38.4482,39.3084,3.56,87,75,1.03,TR,1709753121
171,cam ranh,11.9214,109.1591,24.98,100,20,0.51,VN,1709753122
172,las tablas,7.7667,-80.2833,31.57,54,96,4.3,PA,1709753122
173,yanta,36.2411,115.6672,3.34,53,100,3.08,CN,1709753122
174,namtsy,62.7161,129.6658,-28.07,100,100,1.89,RU,1709753123
175,clackamas,45.2496,-122.1679,3.61,77,55,1.47,US,1709753124
176,alice springs,-23.7,133.8833,25.75,73,100,2.06,AU,1709753124
177,ad dilam,23.9915,47.1627,20.23,23,10,4.59,SA,1709753124
178,flying fish cove,-10.4217,105.6791,25.82,100,100,0.51,CX,1709753125
179,kyzyl,51.7,94.45,-18.88,94,98,0.45,RU,1709753125
180,mount pleasant,32.7941,-79.8626,25.61,69,40,2.57,US,1709753125
181,geraldton,-28.7667,114.6,29.23,51,0,9.26,AU,1709753126
182,dundalk,39.2507,-76.5205,12.3,94,100,4.63,US,1709753126
183,salinopolis,-0.6136,-47.3561,28.94,74,94,4.65,BR,1709753126
184,ponta delgada,37.7333,-25.6667,12.4,71,40,8.75,PT,1709752860
185,papatowai,-46.5619,169.4708,9.97,88,29,2.5,NZ,1709753127
186,nova sintra,14.8667,-24.7167,19.55,73,0,9.45,CV,1709753127
187,gwio kura,12.6753,11.0682,32.48,11,4,4.64,NG,1709753128
188,jamestown,42.097,-79.2353,13.07,100,100,0.89,US,1709753128
189,mirpur sakro,24.5474,67.6277,21.11,53,0,4.67,PK,1709753128
190,la'ie,21.6477,-157.9253,23.98,69,12,7.15,US,1709753129
191,ribeira brava,32.65,-17.0667,18.73,74,26,5.38,PT,1709753129
192,mhamid,29.82,-5.72,21.82,14,100,4.44,MA,1709753130
193,vernon,50.2581,-119.2691,0.34,57,15,1.03,CA,1709753130
194,sao vicente,-23.9631,-46.3919,30.1,70,100,2.06,BR,1709752945
195,nainpur,22.4333,80.1167,20.31,28,3,3.07,IN,1709753131
196,rikaze,29.25,88.8833,-0.65,22,0,1.58,CN,1709753131
197,enewetak,11.3474,162.3373,26.25,77,60,10.43,MH,1709753131
198,murzuq,25.9155,13.9184,18.76,21,53,5.37,LY,1709753132
199,walvis bay,-22.9575,14.5053,18.53,82,0,5.52,NA,1709753132
200,raja,8.4596,25.678,27.78,10,100,1.43,SS,1709753132
201,hamilton,39.1834,-84.5333,12.91,94,100,7.2,US,1709753133
202,sinop,41.7711,34.8709,4.63,95,100,2.81,TR,1709752979
203,torrington,41.8007,-73.1212,10.96,95,100,1.98,US,1709753133
204,olinda,-8.0089,-34.8553,29.85,74,75,4.12,BR,1709753134
205,santyoku,37.4406,129.1708,1.23,82,99,1.24,KR,1709753134
206,moose jaw,50.4001,-105.5344,-12.85,72,100,4.12,CA,1709753134
207,rhinelander,45.6366,-89.4121,9.84,23,0,4.63,US,1709753135
208,'ali sabieh,11.1558,42.7125,25.07,82,23,6.35,DJ,1709753135
209,tyukhtet,56.5389,89.3011,-6.1,92,100,3.07,RU,1709753136
210,turaif,31.6725,38.6637,15.14,41,0,8.23,SA,1709753136
211,samraong,12.4526,105.5873,27.06,67,1,2.96,KH,1709753136
212,keflavik,64.0049,-22.5624,7.24,87,75,10.29,IS,1709753137
213,mazamari,-11.3258,-74.5308,32.38,47,88,0.78,PE,1709753137
214,carloforte,39.145,8.3058,12.94,68,1,4.5,IT,1709753137
215,komatipoort,-25.4332,31.9548,23.71,81,12,3.8,ZA,1709753138
216,colonia,50.9333,6.95,11.09,70,20,2.06,DE,1709752996
217,nemuro,43.3236,145.575,-3.65,68,1,7.05,JP,1709753138
218,nagqu,31.5,92.0,-6.22,28,100,2.49,CN,1709753139
219,kyshtovka,56.555,76.6271,-9.25,96,100,2.68,RU,1709753139
220,kailua-kona,19.6406,-155.9956,24.98,79,100,2.06,US,1709753140
221,dera ghazi khan,30.0561,70.6348,14.73,43,29,2.72,PK,1709753140
222,masterton,-40.9597,175.6575,12.16,88,98,1.16,NZ,1709753140
223,horta,38.5333,-28.6333,12.8,75,40,9.77,PT,1709753141
224,sena madureira,-9.0656,-68.6569,32.94,57,87,1.71,BR,1709753141
225,coquimbo,-29.9533,-71.3436,18.85,82,100,4.63,CL,1709753050
226,vieira de leiria,39.8695,-8.9324,14.12,60,0,4.12,PT,1709753142
227,kavaratti,10.5669,72.642,27.47,73,100,5.77,IN,1709753142
228,susuman,62.7833,148.1667,-32.23,100,91,1.34,RU,1709752959
229,nosy varika,-20.5833,48.5333,25.71,91,100,3.03,MG,1709753143
230,kill devil hills,36.0307,-75.676,17.0,97,75,5.14,US,1709753143
231,severo-yeniseyskiy,60.3725,93.0408,-10.79,95,100,2.68,RU,1709753144
232,kristiansund,63.1115,7.732,4.03,81,0,2.06,NO,1709753037
233,xifeng,42.7372,124.7222,-4.56,45,96,1.33,CN,1709752864
234,kisangani,0.5167,25.2,26.47,61,83,1.39,CD,1709753145
235,codrington,-38.2667,141.9667,12.84,89,91,3.66,AU,1709753145
236,santa cruz de bezana,43.4437,-3.9032,12.59,77,0,3.13,ES,1709753145
237,reguengos de monsaraz,38.4253,-7.5349,10.58,70,100,2.85,PT,1709753146
238,tsiombe,-25.3,45.4833,23.85,96,100,3.86,MG,1709753146
239,altai,46.3722,96.2583,-13.29,38,6,0.93,MN,1709753146
240,igarka,67.4667,86.5833,-14.73,93,98,5.86,RU,1709753147
241,tchintabaraden,15.8969,5.7985,31.33,8,0,5.33,NE,1709753147
242,uturoa,-16.7333,-151.4333,27.77,79,100,4.07,PF,1709753147
243,la ronge,55.1001,-105.2842,-15.86,66,75,2.06,CA,1709753148
244,singaraja,-8.112,115.0882,27.06,86,100,0.81,ID,1709753148
245,podzvizd,45.1742,15.8736,5.44,91,100,1.3,BA,1709753148
246,sheikhpura,25.15,85.85,16.66,21,0,3.77,IN,1709753149
247,itamaraca,-7.7478,-34.8256,30.03,68,34,3.28,BR,1709753149
248,hammerfest,70.6634,23.6821,3.25,100,75,5.14,NO,1709753150
249,lerwick,60.1545,-1.1494,6.0,78,100,9.43,GB,1709753150
250,shatsk,54.0258,41.7119,-14.63,99,70,2.09,RU,1709753150
251,alvesta,56.8993,14.5556,1.92,78,0,0.51,SE,1709753151
252,bridgetown,13.1,-59.6167,29.27,61,20,7.72,BB,1709753151
253,waingapu,-9.6567,120.2641,27.17,85,97,2.31,ID,1709753151
254,botshabelo,-29.2702,26.7052,17.22,21,0,1.94,ZA,1709753152
255,taihecun,45.8,130.85,-14.61,94,24,1.72,CN,1709753152
256,stettler,52.3168,-112.7186,-18.14,100,28,1.03,CA,1709753152
257,santana,-0.0583,-51.1817,30.1,74,75,4.12,BR,1709753153
258,tbilisskaya,45.3633,40.19,7.42,63,100,5.98,RU,1709753153
259,hasaki,35.7333,140.8333,5.16,60,100,10.34,JP,1709753153
260,constantia,44.1833,28.65,5.39,73,100,1.34,RO,1709753046
261,chhapar,27.8167,74.4,15.82,17,4,1.52,IN,1709753154
262,kingston,17.997,-76.7936,30.09,66,20,9.26,JM,1709753154
263,howrah,22.5892,88.3103,24.0,64,0,0.0,IN,1709753155
264,tocache,-8.1842,-76.5125,24.48,88,100,0.65,PE,1709753155
265,chiang kham,19.5233,100.3,24.26,31,32,0.85,TH,1709753155
266,saint-pierre,-21.3393,55.4781,24.82,83,75,2.57,RE,1709753156
267,bambui,-20.0064,-45.9769,29.09,59,87,2.47,BR,1709753156
268,visby,57.6409,18.296,-1.77,93,0,1.54,SE,1709753157
269,muravlenko,63.7898,74.523,-18.49,96,100,6.06,RU,1709753157
270,bafra,41.5678,35.9069,8.34,83,100,7.39,TR,1709752939
271,al hazm,16.1641,44.7769,26.06,41,0,2.07,YE,1709753158
272,aasiaat,68.7098,-52.8699,-15.86,93,100,1.59,GL,1709753158
273,bikenibeu village,1.3673,173.1241,27.98,89,75,3.6,KI,1709753158
274,abepura,-2.6333,140.5833,24.45,94,20,1.54,ID,1709753159
275,savoy,45.5,6.4167,0.17,94,63,1.4,FR,1709753159
276,cruzeiro do sul,-29.5128,-51.9853,29.16,53,0,2.53,BR,1709753160
277,jayapura,-2.5333,140.7,24.66,90,100,1.66,ID,1709753160
278,westport,41.1415,-73.3579,10.88,88,100,3.09,US,1709753161
279,tubarjal,30.4999,38.216,16.3,53,0,10.1,SA,1709753161
280,narvik,68.4384,17.4272,-3.19,84,81,2.57,NO,1709753161
281,kone,-21.0595,164.8658,24.66,91,87,2.09,NC,1709753162
282,ebon,4.582,168.6964,28.04,81,100,9.39,MH,1709753162
283,callao,-12.0667,-77.15,27.16,65,20,5.66,PE,1709753163
284,terek,43.4833,44.1361,8.88,72,99,1.45,RU,1709753163
285,yambio,4.5721,28.3955,28.88,47,100,3.62,SS,1709753164
286,lamu,-2.2717,40.902,28.2,77,91,5.1,KE,1709753164
287,puerto deseado,-47.7503,-65.8938,17.51,35,33,4.85,AR,1709753164
288,deniliquin,-35.5333,144.9667,17.6,63,0,3.58,AU,1709753165
289,yermentau,51.6214,73.1069,-9.86,94,91,6.37,KZ,1709753165
290,revelstoke,50.9832,-118.2023,-5.99,68,0,1.03,CA,1709753165
291,sant antoni de portmany,38.9807,1.3036,14.49,69,0,1.54,ES,1709753166
292,utrik,11.2278,169.8474,26.35,79,37,10.25,MH,1709753166
293,nikki,9.9401,3.2108,35.51,19,77,1.91,BJ,1709753166
294,fortuna,40.5982,-124.1573,11.07,95,100,0.89,US,1709753167
295,guarapari,-20.6667,-40.4975,27.16,89,100,1.44,BR,1709752957
296,al ghayzah,16.2079,52.176,26.11,76,0,4.14,YE,1709753168
297,oodweyne,9.4092,45.064,26.35,34,6,3.94,SO,1709753168
298,chikwawa,-16.0335,34.8009,27.22,77,99,3.1,MW,1709753168
299,akureyri,65.6835,-18.0878,6.96,65,40,2.06,IS,1709752881
300,holualoa,19.6228,-155.9522,22.91,79,100,2.06,US,1709753169
301,kerikeri,-35.2268,173.9474,13.84,90,97,1.5,NZ,1709753169
302,campbell river,50.0163,-125.2446,4.14,52,75,2.06,CA,1709753170
303,qusmuryn,52.4503,64.6311,-8.84,97,89,2.23,KZ,1709753170
304,spring creek,40.7266,-115.5859,4.83,60,99,3.45,US,1709753170
305,fuyuan,46.4333,127.0833,-17.5,96,96,0.81,CN,1709753171
306,aral,40.5156,81.2636,4.9,40,100,3.34,CN,1709753171
307,kralendijk,12.15,-68.2667,29.99,70,75,7.72,BQ,1709753171
308,tazacorte,28.629,-17.9293,18.54,68,0,4.63,ES,1709753172
309,touros,-5.1989,-35.4608,28.5,73,100,4.9,BR,1709753172
310,arraial do cabo,-22.9661,-42.0278,27.98,83,75,4.12,BR,1709752921
311,bam,29.106,58.357,13.32,50,5,2.66,IR,1709753173
312,tchaourou,8.8865,2.5975,34.08,34,69,3.26,BJ,1709753173
313,maffra,-37.9667,146.9833,12.89,91,30,1.46,AU,1709753174
314,sinjai,-5.1241,120.253,25.15,91,100,1.96,ID,1709753174
315,canacona,14.9959,74.0506,24.74,71,4,4.29,IN,1709753174
316,ocean shores,46.9737,-124.1563,6.64,84,92,0.89,US,1709753175
317,mercedes,-34.6515,-59.4307,29.85,25,0,4.27,AR,1709752957
318,hadibu,12.65,54.0333,27.09,79,92,2.88,YE,1709752951
319,nar'yan-mar,67.6713,53.087,-4.94,95,100,5.36,RU,1709753176
320,essaouira,31.5125,-9.77,16.72,72,100,4.12,MA,1709753084
321,kodinsk,58.6881,99.1844,-3.09,98,99,1.51,RU,1709753177
322,acarau,-2.8856,-40.12,27.69,80,100,5.2,BR,1709753177
323,bel ombre,-4.6167,55.4167,27.91,89,20,1.54,SC,1709753177
324,hilton head island,32.2163,-80.7526,26.03,67,40,5.14,US,1709753178
325,hooglede,50.9901,3.086,7.66,81,28,1.34,BE,1709753178
326,nova vicosa,-17.8919,-39.3719,29.96,63,10,6.34,BR,1709753178
327,taft,31.7471,54.2088,6.97,57,0,0.0,IR,1709753179
328,robore,-18.3333,-59.75,33.05,58,75,0.0,BO,1709753179
329,qujing,25.4833,103.7833,9.5,41,0,2.63,CN,1709753180
330,tamanrasset,22.785,5.5228,20.95,7,0,3.09,DZ,1709753180
331,akjoujt,19.6969,-14.4164,30.58,7,78,3.48,MR,1709753180
332,huarmey,-10.0681,-78.1522,26.42,69,49,5.03,PE,1709753181
333,bogale,16.2833,95.4,21.36,68,78,3.79,MM,1709753181
334,palmer,42.1584,-72.3287,12.23,87,100,0.0,US,1709753182
335,sharanga,57.1775,46.5396,-3.78,97,100,2.06,RU,1709753182
336,caleta de carquin,-11.0925,-77.6267,26.24,69,100,5.22,PE,1709753182
337,west sayville,40.7279,-73.0976,9.82,96,100,2.24,US,1709753183
338,sisimiut,66.9395,-53.6735,-14.53,89,100,4.35,GL,1709753183
339,highfields,-27.4518,151.9463,16.87,94,100,1.41,AU,1709753183
340,kununurra,-15.7667,128.7333,24.99,94,100,2.06,AU,1709753184
341,cabo san lucas,22.8909,-109.9124,27.56,49,40,2.06,MX,1709753184
342,port lincoln,-34.7333,135.8667,18.18,87,100,7.8,AU,1709753184
343,tangalle,6.024,80.7911,25.42,86,100,1.75,LK,1709753185
344,es castell,39.8795,4.2854,11.38,82,20,2.57,ES,1709753185
345,vila velha,-20.3297,-40.2925,27.97,87,40,4.12,BR,1709753186
346,faxinal,-24.0003,-51.3194,26.32,69,39,1.42,BR,1709753186
347,mugia,43.1041,-9.2179,12.73,77,100,9.64,ES,1709753186
348,ninotsminda,41.2646,43.5916,-1.13,93,100,3.37,GE,1709753187
349,jiangyou,31.7667,104.7167,8.19,79,100,0.56,CN,1709753072
350,korla,41.7597,86.1469,1.52,50,6,0.78,CN,1709753187
351,piti village,13.4626,144.6933,26.03,87,0,2.06,GU,1709753188
352,santa maria,-29.6842,-53.8069,26.84,38,0,2.98,BR,1709752783
353,fernley,39.608,-119.2518,10.93,46,100,1.57,US,1709753188
354,nyurba,63.2842,118.3319,-30.82,100,100,1.35,RU,1709753189
355,jiayuguan,39.8167,98.3,-4.2,29,0,2.24,CN,1709753189
356,tortosa,40.8125,0.5216,10.69,78,15,1.11,ES,1709752967
357,atafu village,-8.5421,-172.5159,28.83,75,80,3.59,TK,1709753190
358,toliara,-23.35,43.6667,25.38,93,100,4.7,MG,1709753190
359,lorengau,-2.0226,147.2712,27.62,83,85,1.65,PG,1709753191
360,hithadhoo,-0.6,73.0833,28.1,72,100,4.81,MV,1709753191
361,altay,47.8667,88.1167,-8.51,55,3,3.69,CN,1709753191
362,weno,7.4515,151.8468,27.97,83,40,3.6,FM,1709753192
363,vadso,70.0744,29.7487,3.49,87,75,8.23,NO,1709753192
364,miyaly,48.8844,53.7836,-3.86,88,100,2.75,KZ,1709753192
365,kas,36.2018,29.6377,14.02,65,0,4.15,TR,1709753193
366,saint-philippe,-21.3585,55.7679,24.77,83,100,5.3,RE,1709752926
367,turuntayevo,52.2,107.6167,-16.95,99,87,0.37,RU,1709753193
368,singkil,-7.9855,111.4161,24.95,92,100,0.36,ID,1709753194
369,jinchang,38.4953,102.1739,-4.36,46,0,0.93,CN,1709753194
370,fereydunshahr,32.941,50.121,-7.55,73,0,1.96,IR,1709753195
371,haiku-pauwela,20.9219,-156.3051,22.8,88,40,6.69,US,1709753195
372,lajere,11.9797,11.4443,32.74,11,39,4.97,NG,1709753195
373,tazovsky,67.4667,78.7,-16.61,96,99,5.08,RU,1709752720
374,upper grand lagoon,30.1633,-85.7408,26.27,71,0,5.66,US,1709753196
375,sirte,31.2089,16.5887,16.12,68,100,4.16,LY,1709752990
376,antalaha,-14.9003,50.2788,25.46,92,100,2.02,MG,1709753197
377,urumqi,43.801,87.6005,-9.47,86,20,2.0,CN,1709753197
378,kuloy,61.0305,42.4925,-3.32,98,100,1.01,RU,1709753138
379,biltine,14.5333,20.9167,30.9,11,86,5.68,TD,1709753198
380,truro,50.2653,-5.0544,10.42,85,100,7.2,GB,1709753198
381,el bauga,18.262,33.9081,23.71,7,2,5.62,SD,1709753198
382,mazagao,-0.115,-51.2894,30.03,62,99,3.17,BR,1709753199
383,nouadhibou,20.931,-17.0347,19.99,73,0,8.75,MR,1709753200
384,montepuez,-13.1256,38.9997,22.07,97,48,1.4,MZ,1709753200
385,tianfu,37.1936,122.0511,-0.96,63,0,3.91,CN,1709753200
386,ulubey,40.8721,37.7588,6.07,96,100,2.48,TR,1709753201
387,proletariy,58.4342,31.7046,-2.71,90,35,1.9,RU,1709753201
388,debark',13.1561,37.8981,16.72,29,83,1.89,ET,1709753201
389,kaoma,-14.7833,24.8,23.58,60,100,1.66,ZM,1709753202
390,jingdezhen,29.2947,117.2079,7.65,88,98,1.37,CN,1709753131
391,swakopmund,-22.6833,14.5333,18.47,86,3,0.89,NA,1709753202
392,jardim,-21.4803,-56.1381,30.02,59,100,1.83,BR,1709753203
393,palikir - national government center,6.9248,158.1611,27.41,74,100,3.09,FM,1709753203
394,micheweni,-4.9667,39.8333,28.58,77,8,3.39,TZ,1709753203
395,agat village,13.3886,144.6585,26.06,88,0,2.06,GU,1709753204
396,adrar,20.5022,-10.0711,25.89,9,5,2.22,MR,1709753204
397,zharkent,44.1628,80.0,0.55,48,100,1.31,KZ,1709753205
398,al mindak,20.1588,41.2834,17.78,83,14,2.14,SA,1709753205
399,torghay,49.6339,63.4981,-13.8,93,89,2.79,KZ,1709752964
400,burlington,39.8835,-74.6413,11.1,96,100,3.6,US,1709753206
401,fort st. john,56.2499,-120.8529,-11.06,57,75,2.06,CA,1709753206
402,magistral'nyy,56.1725,107.4458,-10.91,96,100,2.11,RU,1709753207
403,sao sebastiao do paraiso,-20.9169,-46.9914,24.81,81,65,2.79,BR,1709753207
404,parabel',58.6978,81.4825,-13.71,97,100,1.62,RU,1709753207
405,taroa,8.7058,171.2275,26.65,81,94,10.61,MH,1709753208
406,ar ruseris,11.8659,34.3869,32.04,16,9,3.99,SD,1709753208
407,viedma,-40.8135,-62.9967,20.96,35,100,7.34,AR,1709753208
408,zarzis,33.504,11.1122,15.12,63,100,3.6,TN,1709753147
409,tukrah,32.5341,20.5791,14.3,75,50,4.7,LY,1709753209
410,daru,-9.0763,143.2092,26.56,90,100,1.35,PG,1709753209
411,tempio pausania,40.8974,9.1035,9.51,82,53,4.94,IT,1709753210
412,terrace,54.5163,-128.6035,-2.1,68,100,0.0,CA,1709753210
413,alta,69.9689,23.2717,3.44,79,75,9.39,NO,1709753210
414,lensk,60.7253,114.9278,-19.63,100,98,1.36,RU,1709753163
415,mohr,54.3528,9.7167,3.08,89,40,2.57,DE,1709753211
416,stewartville,43.8555,-92.4885,12.15,22,0,6.69,US,1709753212
417,chichiriviche,10.9333,-68.2772,28.07,74,9,4.91,VE,1709753212
418,east london,-33.0153,27.9116,21.73,76,100,3.92,ZA,1709753212
419,ridgefield,40.8343,-74.0088,11.22,89,100,2.06,US,1709753213
420,mandalgovi,45.7625,106.2708,-15.28,78,0,3.73,MN,1709753213
421,deir ez-zor,35.3359,40.1408,15.61,46,21,7.78,SY,1709753213
422,nadi,-17.8,177.4167,26.0,83,40,3.6,FJ,1709753214
423,tromso,69.6496,18.957,1.01,80,75,2.57,NO,1709752698
424,reggane,26.7158,0.1714,22.51,15,7,3.79,DZ,1709753214
425,broken hill,-31.95,141.4333,24.71,23,95,4.58,AU,1709753215
426,okondja,-0.6549,13.6753,24.51,90,100,0.51,GA,1709753215
427,tianshui,34.5439,105.6897,2.43,40,100,3.62,CN,1709753215
428,ingeniero jacobacci,-41.3427,-69.5448,22.69,12,0,6.15,AR,1709753216
429,leesville,31.1435,-93.261,27.13,44,0,2.57,US,1709753216
430,belyy yar,53.6039,91.3903,-2.06,69,99,1.0,RU,1709753216
431,taoudenni,22.6783,-3.9836,26.06,10,0,4.75,ML,1709753217
432,happy valley-goose bay,53.3168,-60.3315,-2.83,39,40,6.69,CA,1709753217
433,nuku'alofa,-21.1333,-175.2,26.19,94,20,3.6,TO,1709753217
434,benjamin constant,-4.3831,-70.0311,30.07,88,75,8.23,BR,1709753218
435,atbasar,51.8,68.3333,-10.92,94,100,2.97,KZ,1709753218
436,margate,51.3813,1.3862,7.17,90,24,0.89,GB,1709753219
437,almenara,-16.1836,-40.6944,32.06,50,5,3.3,BR,1709753219
438,talant,47.3369,5.0089,5.19,81,0,1.03,FR,1709753219
439,chibougamau,49.9168,-74.3659,-2.21,46,20,4.63,CA,1709753220
440,tsengel,49.4783,100.8894,-17.58,90,5,2.49,MN,1709753220
441,king,47.4665,-121.8179,1.91,60,0,0.89,US,1709753220
442,alesund,62.4723,6.1549,5.42,82,0,1.03,NO,1709753221
443,cadale,2.7603,46.3222,28.33,77,5,5.51,SO,1709753221
444,tselinnoye,53.0833,85.6667,-13.16,94,52,0.98,RU,1709753221
445,ampanihy,-24.7,44.75,23.4,95,100,2.9,MG,1709753222
446,sao miguel do araguaia,-13.275,-50.1628,31.47,56,53,2.33,BR,1709753222
447,viqueque,-8.8673,126.3658,25.97,89,87,1.18,TL,1709753222
448,changtu,42.7788,124.0955,-3.98,39,100,1.69,CN,1709753223
449,guapiles,10.2159,-83.7866,35.96,47,20,3.46,CR,1709753223
450,burang,30.25,81.1667,-8.4,97,100,2.21,CN,1709753224
451,sinan,34.8262,126.1086,3.06,64,5,7.99,KR,1709753224
452,strangnas,59.3774,17.0312,-2.01,80,10,0.4,SE,1709753224
453,takestan,36.0696,49.6959,7.07,49,99,2.85,IR,1709753225
454,shirgaon,19.7,72.7,22.94,43,27,2.79,IN,1709753225
455,lompoc,34.6391,-120.4579,15.08,63,100,5.66,US,1709753225
456,gorodets,56.6514,43.475,-7.92,93,100,1.55,RU,1709753226
457,neya,58.2972,43.8681,-3.79,98,100,1.25,RU,1709753226
458,portland,45.5234,-122.6762,8.3,78,8,1.79,US,1709753109
459,axim,4.8699,-2.2405,27.43,88,100,3.75,GH,1709753227
460,zheshart,62.0731,49.5733,-4.78,97,100,2.15,RU,1709753228
461,muang phonsavan,19.45,103.2167,17.6,44,90,0.62,LA,1709753228
462,cermik,38.1361,39.4493,7.0,90,98,0.67,TR,1709753228
463,yandev,7.3667,9.05,32.28,45,93,5.14,NG,1709753229
464,archangelos,36.2149,28.1149,14.99,71,0,6.93,GR,1709753229
465,tulun,54.5611,100.5792,-9.86,96,100,1.61,RU,1709753229
466,barah,13.7,30.3667,25.51,9,37,5.43,SD,1709753230
467,boguchany,58.3814,97.4531,-9.68,99,100,1.75,RU,1709753230
468,i-n-salah,27.1935,2.4607,21.1,18,97,5.58,DZ,1709753230
469,ussuriysk,43.7986,131.9508,-16.1,69,1,1.07,RU,1709753129
470,dorverden,52.85,9.2333,5.88,79,21,2.97,DE,1709753231
471,crane,31.3974,-102.3501,23.93,16,88,3.16,US,1709753231
472,san patricio,28.017,-97.5169,28.42,50,99,5.72,US,1709753232
473,floro,61.5996,5.0328,3.98,87,75,3.6,NO,1709753232
474,bubaque,11.2833,-15.8333,25.76,71,11,9.6,GW,1709753232
475,tamandare,-8.7597,-35.1047,29.58,68,23,4.09,BR,1709753233
476,guelmim,28.987,-10.0574,16.19,82,0,6.69,MA,1709753233
477,leava,-14.3,-178.1667,28.37,78,92,5.96,WF,1709753234
478,meulaboh,4.1363,96.1285,25.41,88,85,1.31,ID,1709753234
479,bonthe,7.5264,-12.505,27.14,75,5,4.73,SL,1709753234
480,chandbali,20.7833,86.7667,22.66,92,15,0.58,IN,1709753235
481,changli,39.7042,119.1506,-1.9,60,21,1.66,CN,1709753235
482,mormugao,15.4,73.8,24.59,73,1,4.63,IN,1709753235
483,buka,40.8108,69.1986,7.3,64,100,2.85,UZ,1709753236
484,quibala,-10.7337,14.98,19.31,95,100,1.33,AO,1709753236
485,kuta,-8.7233,115.1723,26.97,94,75,0.51,ID,1709753236
486,kenora,49.8167,-94.4337,-1.46,50,100,5.14,CA,1709753237
487,laascaanood,8.4774,47.3597,27.05,36,1,1.64,SO,1709753237
488,usogorsk,63.4106,48.6872,-2.56,97,100,2.7,RU,1709753238
489,mejit,10.2753,170.8646,26.49,79,100,10.71,MH,1709753238
490,revda,56.801,59.9303,-17.87,100,88,1.65,RU,1709753238
491,aykhal,66.0,111.5,-24.63,100,100,3.29,RU,1709753239
492,jean-rabel,19.8533,-73.1917,27.35,65,44,2.19,HT,1709753239
493,chegdomyn,51.1167,133.0167,-23.85,100,100,0.44,RU,1709753239
494,freetown,8.484,-13.2299,28.84,70,5,3.6,SL,1709753240
495,quellon,-43.1167,-73.6167,12.43,68,100,1.38,CL,1709753240
496,qarauyl,48.9451,79.255,-11.82,82,30,3.54,KZ,1709753241
497,charters towers,-20.1,146.2667,21.74,90,62,4.16,AU,1709753241
498,quepos,9.4236,-84.1652,30.8,66,96,3.76,CR,1709753241
499,yuktae-dong,40.0247,128.1597,-0.83,61,8,1.64,KP,1709753242
500,deqing,30.5448,119.9599,4.41,89,26,0.44,CN,1709753242
501,san julian,21.0167,-102.1667,26.26,12,83,4.6,MX,1709753242
502,tommot,58.9564,126.2925,-25.3,100,100,0.14,RU,1709753243
503,sabha,27.0377,14.4283,17.66,20,77,5.29,LY,1709753122
504,baruun-urt,46.6806,113.2792,-19.24,91,41,1.5,MN,1709753244
505,sirjan,29.452,55.6814,9.88,42,0,3.19,IR,1709753244
506,mathba,22.2855,89.9629,19.52,31,0,1.33,BD,1709753244
507,kalmunai,7.4167,81.8167,25.02,81,100,1.36,LK,1709753245
508,fort mcmurray,56.7268,-111.381,-11.27,48,0,2.57,CA,1709753245
509,puerto rosario,-24.45,-57.0833,28.62,69,100,0.74,PY,1709753246
510,agadez,19.75,10.25,27.19,7,5,2.69,NE,1709753246
511,knyaze-volkonskoye,48.4642,135.4567,-11.81,100,33,1.15,RU,1709753247
512,sainte-menehould,49.0833,4.9,4.94,72,100,0.94,FR,1709753247
513,newnham,-41.3833,147.1333,9.53,71,64,3.6,AU,1709753248
514,jianguang,28.1938,115.7836,7.58,89,54,2.71,CN,1709753248
515,prien,30.1819,-93.2738,27.79,52,0,2.57,US,1709753249
516,twon-brass,4.3151,6.2418,28.28,82,90,5.09,NG,1709753249
517,arta,39.1606,20.9853,12.8,90,10,0.06,GR,1709753249
518,arteche,12.2645,125.4048,25.71,78,100,2.27,PH,1709753250
519,nizhneangarsk,55.7833,109.55,-16.11,94,95,1.79,RU,1709752971
520,recani,31.2846,-4.2688,19.1,18,0,4.66,MA,1709753251
521,adam,22.3756,57.5233,25.89,62,1,2.14,OM,1709753251
522,sungailiat,-1.85,106.1333,26.53,87,92,1.35,ID,1709753251
523,novyy urgal,51.0736,132.5642,-27.43,100,86,0.88,RU,1709753252
524,hata,26.7461,83.7403,15.53,22,6,4.02,IN,1709753252
525,byron bay,-28.65,153.6167,17.62,88,97,2.46,AU,1709753252
526,peterhead,57.5058,-1.7981,6.22,84,83,7.97,GB,1709753253
527,along,28.1667,94.7667,14.48,87,78,1.06,IN,1709753253
528,ghat,24.9647,10.1728,22.69,18,1,7.03,LY,1709753086
529,souillac,-20.5167,57.5167,26.21,78,75,6.17,MU,1709753254
530,qamdo,31.1667,97.2333,-5.02,78,100,1.08,CN,1709753254
531,piton saint-leu,-21.2196,55.3151,23.06,83,75,2.57,RE,1709753255
532,semey,50.4111,80.2275,-12.42,87,29,3.23,KZ,1709753255
533,forde,61.4522,5.8572,4.41,81,72,1.83,NO,1709753255
534,yelizovo,53.1873,158.3805,-12.89,71,0,3.13,RU,1709753256
535,kurumkan,54.3,110.3,-16.04,90,39,2.68,RU,1709753256
536,raghunathpur,23.55,86.6667,22.22,17,0,2.97,IN,1709753257
537,yuzhno-kurilsk,44.0306,145.8556,-5.35,81,4,3.69,RU,1709753257
538,newman,37.3138,-121.0208,17.38,83,99,0.89,US,1709753257
539,wasagu,11.3764,5.7954,34.25,25,91,3.09,NG,1709753258
540,zhangatas,43.5667,69.75,3.04,58,100,4.14,KZ,1709753258
541,yuto,-23.6434,-64.4719,22.16,95,99,0.32,AR,1709753258
542,ceeldheer,3.8488,47.1806,27.83,81,6,5.18,SO,1709753259
543,cooma,-36.2333,149.1333,14.91,77,0,0.76,AU,1709753259
544,coscomatepec de bravo,19.0667,-97.0333,26.41,44,0,3.49,MX,1709753260
545,coronel dorrego,-38.7187,-61.2873,28.13,35,100,6.2,AR,1709753260
546,talara,-4.5772,-81.2719,31.42,51,0,5.14,PE,1709753261
547,czaplinek,53.5578,16.2333,2.64,68,23,3.95,PL,1709753261
548,karratha,-20.7377,116.8463,27.93,81,100,2.38,AU,1709753261
549,puerto lopez,4.0845,-72.956,39.33,23,76,2.93,CO,1709753262
550,labasa,-16.4167,179.3833,26.08,91,92,2.93,FJ,1709753262
551,curup,-3.4667,102.5333,21.22,99,100,0.29,ID,1709753262
552,dublin,37.7021,-121.9358,15.33,76,20,1.54,US,1709753263
553,mount pearl,47.5166,-52.7813,5.81,96,100,5.66,CA,1709753263
554,patacamaya,-17.2333,-67.9167,14.82,54,82,3.86,BO,1709753263
555,rokycany,49.7427,13.5946,6.17,93,84,33.98,CZ,1709753264
556,formosa,-26.1775,-58.1781,32.76,35,0,3.09,AR,1709752848
557,ugoofaaru,5.6667,73.0,28.14,71,97,5.47,MV,1709753264
558,amga,60.8953,131.9608,-22.75,99,100,0.83,RU,1709753265
559,al bawiti,28.3492,28.8659,15.96,39,0,3.41,EG,1709753265
560,asau,46.4333,26.4,4.6,77,100,1.89,RO,1709753266
561,darzab,35.9774,65.3783,1.63,75,3,3.13,AF,1709753266
562,salinas,36.6777,-121.6555,16.05,80,75,6.17,US,1709753139
563,katsuren-haebaru,26.3369,127.8719,19.43,73,100,5.14,JP,1709753267
564,queenstown,-31.8976,26.8753,13.83,87,0,4.0,ZA,1709753267
565,laguna,38.421,-121.4238,16.76,65,0,1.34,US,1709753268
566,port douglas,-16.4833,145.4667,25.67,86,57,3.73,AU,1709753268
567,tarakan,3.3,117.6333,27.2,84,30,4.24,ID,1709753268
568,chernyshevskiy,63.0128,112.4714,-24.53,100,100,1.13,RU,1709753269
569,carsamba,41.1989,36.7219,8.86,81,75,2.57,TR,1709753269
570,camalu,30.85,-116.0667,17.59,60,100,4.3,MX,1709753270
571,quelimane,-17.8786,36.8883,27.97,83,75,2.81,MZ,1709753270
572,minas de marcona,-15.2119,-75.1103,24.28,58,87,6.41,PE,1709753270
573,smara,26.7384,-11.6719,24.33,27,100,4.68,EH,1709753271
574,calderitas,18.55,-88.25,31.06,62,20,5.14,MX,1709753271
575,char bhadrasan,23.3167,90.2167,18.47,25,0,1.32,BD,1709753271
576,selfoss,63.9331,-20.9971,5.58,85,100,11.06,IS,1709753272
577,arkhangel'sk,64.5401,40.5433,-1.94,100,75,4.0,RU,1709753272
578,arenapolis,-14.4503,-56.8461,27.96,80,100,0.7,BR,1709753272
579,wajir,1.7471,40.0573,33.86,29,41,3.21,KE,1709753273
580,omdurman,15.6445,32.4777,28.72,6,9,7.65,SD,1709753273
581,luau,-10.7073,22.2247,21.35,83,43,1.61,AO,1709753273
582,el jadid,33.2549,-8.506,14.86,69,100,4.69,MA,1709753034
583,borkum,53.5809,6.6915,7.75,82,100,4.65,DE,1709753274
